Capcom vs. SNK 2 - Millionaire Fighting 2001 (Japan)	/mnt/1TB/dcbat/20261002-160455_Capcom_vs__SNK_2_-_Millionaire_Fighting_/jit-462755.txt
Dead or Alive 2 (USA)	/mnt/1TB/dcbat_off/20261007-192359_Dead_or_Alive_2__USA__/jit-14513.txt
Elemental Gimmick Gear v1.001 (1999)(Vatical)(US)[!]	/mnt/1TB/dcbat_off/20261007-185447_Elemental_Gimmick_Gear_v1_001__1999__Vat/jit-2004.txt
Evolution - The World of Sacred Device (USA)	/mnt/1TB/dcbat/20261007-151806_Evolution_-_The_World_of_Sacred_Device__/jit-24035.txt
Evolution 2 - Far Off Promise (USA)	/mnt/1TB/dcbat/20261007-151251_Evolution_2_-_Far_Off_Promise__USA__/jit-16237.txt
Grandia II (USA)	/mnt/1TB/dcbat/20261002-192949_Grandia_II__USA__/jit-534412.txt
King of Fighters The - Evolution (USA) (EnJaEsPt)	/mnt/1TB/dcbat/20261007-164133_King_of_Fighters_The_-_Evolution__USA___/jit-113430.txt
Le Mans 24 Hours (Europe) (En,Fr,De,Es,It)	/mnt/1TB/dcbat/20261007-163759_Le_Mans_24_Hours__Europe___En_Fr_De_Es_I/jit-109461.txt
Macross M3	/mnt/1TB/dcbat/20261006-081557_Macross_M3_/jit-5965.txt
Marvel vs. Capcom 2 - New Age of Heroes (Europe)	/mnt/1TB/dcbat_off/20261007-191632_Marvel_vs__Capcom_2_-_New_Age_of_Heroes_/jit-9882.txt
Napple Tale - Arsia in Daydream (Japan) (T-En by Cargodin v1.0)	/mnt/1TB/dcbat_off/20261007-190751_Napple_Tale_-_Arsia_in_Daydream__Japan__/jit-6592.txt
Phantasy Star Online Ver. 2 (USA) (EnJaFrDeEs)	/mnt/1TB/dcbat/20261007-084025_Phantasy_Star_Online_Ver__2__USA___EnJaF/jit-2303.txt
Power Stone (USA)	/mnt/1TB/dcbat/20261007-160119_Power_Stone__USA__/jit-75898.txt
Project Justice (USA)	/mnt/1TB/dcbat/20261007-160314_Project_Justice__USA__/jit-78773.txt
Resident Evil - Code - Veronica (USA) (Disc 1)	/mnt/1TB/dcbat/20261007-160515_Resident_Evil_-_Code_-_Veronica__USA___D/jit-82021.txt
Shenmue (USA) (Disc 1)	/mnt/1TB/dcbat_off/20261007-191903_Shenmue__USA___Disc_1__/jit-11043.txt
Shenmue II (Europe) (En,Fr,De,Es) (Disc 1)	/mnt/1TB/dcbat_off/20261007-192124_Shenmue_II__Europe___En_Fr_De_Es___Disc_/jit-12387.txt
Skies of Arcadia (USA) (Disc 1)	/mnt/1TB/dcbat/20261007-162126_Skies_of_Arcadia__USA___Disc_1__/jit-98449.txt
Sonic Adventure 2 (USA) (EnJaFrDeEs)	/mnt/1TB/dcbat/20261007-163253_Sonic_Adventure_2__USA___EnJaFrDeEs__/jit-102386.txt
Soulcalibur (USA)	/mnt/1TB/dcbat/20261007-163634_Soulcalibur__USA__/jit-108030.txt
Tomb Raider Chronicles (USA)	/mnt/1TB/dcbat_off/20261007-192238_Tomb_Raider_Chronicles__USA__/jit-13420.txt
